https://www.youtube.com/watch?v=ep77_xzWDuk&t=47s,clickbait
https://www.youtube.com/watch?v=HM8gE2JzgWE,clickbait
https://youtu.be/0Z-KByKfJJ0,clickbait
https://youtu.be/0Z-KByKfJJ0,clickbait
https://youtu.be/insxmHlhfDw,clickbait
https://youtu.be/W0BssL5CTIQ,clickbait
https://youtu.be/sVAP5qWnBek,clickbait
https://youtu.be/PNMVA3rSKgg,clickbait
https://youtu.be/qImPaM4lKoA,clickbait
https://youtu.be/_5YhSi4opd4,clickbait
https://youtu.be/9Kfc-Fu7SdU,clickbait
https://youtu.be/f4sA006F7sU,clickbait
https://youtu.be/NiXEa36sb6g,clickbait
https://youtu.be/w3krCAA4zmA,clickbait
https://youtu.be/3ZjOpbNq3Mg,clickbait
https://youtu.be/gnZzxnLHMyY,clickbait
https://youtu.be/jLwVX7_sfXY,clickbait
https://youtu.be/mgAk620yavI,clickbait
https://youtu.be/3zBF0ls4c-M,clickbait
https://youtu.be/LQ1UzuCzP8k,clickbait
https://youtu.be/NiUaJAf7S9w,clickbait
https://youtu.be/9IiR0udsibo,clickbait
https://youtu.be/118z4FzgLzQ,clickbait
https://youtu.be/qd1XQL5Ds_o,clickbait
https://www.youtube.com/watch?v=mKs409112pw,Fair
https://www.youtube.com/watch?v=a5V6gdu5ih8&t=53s,Fair
https://www.youtube.com/watch?v=6Osj24S1k1U,Fair
https://www.youtube.com/watch?v=U9JXMNVRf-U&t=115s,Fair
https://www.youtube.com/watch?v=vbKjURSpNiU,Fair
https://www.youtube.com/watch?v=l4qePmAncz4,Fair
https://www.youtube.com/watch?v=v3sZf_QwfkI,Fair
https://www.youtube.com/watch?v=IC5gGZuOX60,Fair
https://www.youtube.com/watch?v=ypThE4xY4io,Fair
https://www.youtube.com/watch?v=FK3dav4bA4s&t=8s,Fair
https://www.youtube.com/watch?v=_UbDeqPdUek,Fair
https://www.youtube.com/watch?v=UiFjONQDHNM&t=140s,Fair
https://www.youtube.com/watch?v=brsYC6-I5gI,Fair
https://www.youtube.com/watch?v=QMklud_R8os,Fair
https://www.youtube.com/watch?v=i7xTqr0doTc&t=102s,Fair
https://www.youtube.com/watch?v=h4SlAc2U1A4,Fair
https://www.youtube.com/watch?v=n6pnNfMWQxE,Fair
https://www.youtube.com/watch?v=4HGNqFdaD34,Fair
https://www.youtube.com/watch?v=7IUpvPN3Aso,Fair
https://www.youtube.com/watch?v=xESneimYQyQ,Fair
https://www.youtube.com/watch?v=npi99Y-MkN0,Fair
https://www.youtube.com/watch?v=D9W8xGeAQQo,Fair
https://www.youtube.com/watch?v=BLB4LJ7gIbw,Fair
https://www.youtube.com/watch?v=6ZhHHVsAnI4,Fair
https://www.youtube.com/watch?v=K-Tfq6dARGk,Fair
https://www.youtube.com/watch?v=TSSPDwAQLXs,Fair
https://www.youtube.com/watch?v=awPNvzBMT74,Fair
https://www.youtube.com/watch?v=qVF6cO6_dF8,Fair
https://www.youtube.com/watch?v=FFdlMlcjuzw,Fair
