uocETPj4Jx4,Fair
EgkUEKt_qmA,Fair
5jyj5aJaLfc,Fair
5bQUqTsC0JA,Fair
A-Uva3rlc8s,Fair
vHuFizITMdA,Fair
mu4xGNwz0OY,Fair
#NAME?,Fair
e09xig209cQ,Fair
aUWduIWPvzU,Fair
haL--xiqA0E,Fair
uiQ4c1UNUps,Fair
LEt_PaG4TCY,Fair
AxE6wEuLHQ0,Fair
t8N4L3MUE58,Fair
H5O5MEcqGBU,Fair
R84W2hbmaKk,Fair
xgxaD2UR3PI,Fair
ccqvF4USYxw,Fair
3breWY0OYYg,Fair
RxN33FlwOYE,Fair
Da_DgFQImns,Fair
0cVrM49M9Y4,Fair
5wvATZb7-Eo,Fair
vX9msKu75qs,Fair
HTpXpGAQ9hk,Fair
3N5QX6VI9VA,Fair
XJlY7O0X0L8,Fair
MJCFqyGDUYw,Fair
r1QJ08dsIKA,Fair
OsXH5n1EftY,Fair
sckA6yvi-5g,Fair
0SLgKlJVD28,Fair
tXHhgLkBml4,Fair
w5gHvonef7U,Fair
l9VfMBczLJs,Fair
iQuiaWysdsI,Fair
fGeBKxkOeyg,Fair
rXhGajRFLlY,Fair
LUtVmVBOf94,Fair
BXON04DtguY,Fair
Lv4IYZu-A3s,Fair
B6v6I4u7LJU,Fair
cSScHSu-4dw,Fair
raDUPBsszWs,Fair
AxapZvcWmfw,Fair
F_OOTBRjY18,Fair
bcQu8zXPh-w,Fair
9SbuBy562YA,Fair
4WK-5BTsgeE,Fair
IGWJ_wMjlBU,Fair
7f7ReYaqV6I,Fair
4-BfhjZyCzs,Fair
3Fus4Xb_TLg,Fair
_Jul0ViWlp0,Fair
eB-0qQzJBxs,Fair
LXLmSz4Wb9w,Fair
oqICzYBjjTw,Fair
qAqPB2Lzo-k,Fair
GDRcCvQNY-g,Fair
oURjAOHF9HY,Fair
5HqMh-JjohA,Fair
XinZpehXLhk,Fair
pAzEY1MfXrQ,Fair
X499udfoYKU,Fair
LLQNiiZgz9A,Fair
RTR9Y9DZNJ4,Fair
iYzFC6dugQk,Fair
05K5glVCwis,Fair
xDL-cFvzd4Q,Fair
ld0xulQ8NU8,Fair
tUFwR65wYGY,Fair
WjKEAZWMzqs,Fair
cgqlihvt0a0,Fair
UYhhzHUqg4A,Fair
zxYjTTXc-J8,Fair
tyt3MUAWGfM,Fair
hWGWFa3jznI,Fair
WQon-XHvny8,Fair
MEPlwur1zjs,Fair
AF7GtSjo1Zs,Fair
q_S-96-pLxU,Fair
DwoodDN9xNA,Fair
nJfVSMZzudk,Fair
dmxXJqV59do,Fair
3nHWYFbKcs4,Fair
WMgie1MqwJM,Fair
hLD9-V59BLg,Fair
3q3ECDEhqgE,Fair
sjXnU_jYGf8,Fair
Polrj_OuohE,Fair
HpvHiNf8z3w,Fair
nFB6ETkOz4o,Fair
RMx_CG2Zk9c,Fair
THVbtGqEO1o,Fair
x_qSdnjhbw4,Fair
PugcxQYJGjs,Fair
cigmdYsgg_4,Fair
s7MTM4BKZ_E,Fair
AjqBXAFlrTc,Fair
5WTXHdc1_zI,Clickbait
hxwpkM5w3Cc,Clickbait
aKkRwPGSWGQ,Clickbait
81mXAkFEkMs,Clickbait
9NQQKNAwaPk,Clickbait
Y_PQrPRolvM,Clickbait
ZZtYAOpHVYk,Clickbait
8Iuvf4_NMF4,Clickbait
n9Ch7nP7suA,Clickbait
T8Ffq1X1ygQ,Clickbait
taXDBwLOWg8,Clickbait
Y6Ii85FjwSQ,Clickbait
N88OE2ZCHBM,Clickbait
M6vNwTQ1n5U,Clickbait
4ljLVbh63Uk,Clickbait
aCZSrSRkqIo,Clickbait
zxYjTTXc-J8,Clickbait
bi12zACCTak,Clickbait
1iNoQSM8pqU,Clickbait
3dvRmfYzs6g,Clickbait
7oH9IvIhQi0,Clickbait
t889ifadAMo,Clickbait
C7QwaapFRQs,Clickbait
hfFGTVZNjis,Clickbait
DPCeF7ifQJU,Clickbait
pKg8GJ7dIug,Clickbait
ck1EQ-vmmc4,Clickbait
ck1EQ-vmmc4,Clickbait
3-U-PUspr50,Clickbait
bas_0jmmgI8,Clickbait
spjY7VnFrnM,Clickbait
oqq5aXBg3FU,Clickbait
QwqiXWkKpbw,Clickbait
XFlBwuu_p6k,Clickbait
SJNZ1PJXxg4,Clickbait
5PylU5ttdgo,Clickbait
anhURGwNdpk,Clickbait
7coA4_yfyJA,Clickbait
KkGOGL9-gUU,Clickbait
ZJUWqo2qn0s,Clickbait
eRaDmVFuQgM,Clickbait
C9m2SaA3PDc,Clickbait
K5Qq2cKgd-A,Clickbait
HuQfyK26npU,Clickbait
8Uqs5qevLYU,Clickbait
BAp1m2Iw-FI,Clickbait
B6p8N8sRKDI,Clickbait
yoJDlPSB5GU,Clickbait
_9YMpuLDnwo,Clickbait
qG7zAphL2ps,Clickbait
T7-fPYzJlz8,Clickbait
dL_okr9m_kQ,Clickbait
GHOlNsuUM2g,Clickbait
4XnMaufLlEk,Clickbait
6G7V4w9bqJY,Clickbait
4TiITQDPClI,Clickbait
8Nc1u8Kh6IM,Clickbait
DluffFWv740,Clickbait
F4isanhNqS0,Clickbait
CxoBD-_y8gE,Clickbait
bOkSinDkj8w,Clickbait
kjZeT-dGDrY,Clickbait
gx-9S5T_U5g,Clickbait
79WVTJBNsn8,Clickbait
bCWMH-fYL54,Clickbait
92XN2kog_uI,Clickbait
NuEkyLZVTFM,Clickbait
jySqbJwKXb0,Clickbait
vpW0YP-ELx0,Clickbait
kgv9fMcjINc,Clickbait
k0vHQsvEMo4,Clickbait
mXLUB1_hlYw,Clickbait
xQQa_pif6uc,Clickbait
prMwC2MS_VE,Clickbait
8xaMdOIsGLE,Clickbait
k1TkanTFMYc,Clickbait
jPiPvAafhPU,Clickbait
V2jAwPkzzsw,Clickbait
2L3qI7_xHeg,Clickbait
hK_L_v3x0Ks,Clickbait
ylgjWFf6ssY,Clickbait
aHPKWjTmDEU,Clickbait
yVaMtCi9Xw0,Clickbait
shmaAXmDEAw,Clickbait
yVaMtCi9Xw0,Clickbait
6_5XnKvlL5E,Clickbait
q9fcaHciF_o,Clickbait
prcK6Jt9STQ,Clickbait
LCaxzn0geyQ,Clickbait
7Z0qOH9zqoU,Clickbait
DRwHvBZIQ4U,Clickbait
Ubk60jzs2bw,Clickbait
UE8lAZVIwac,Clickbait
iN3ttHug-BU,Clickbait
cXww-JHW2uI,Clickbait
1V4yCv9viO0,Clickbait
zgaqaxD70no,Clickbait
NkE0AMGzpJY,Clickbait
r7zJ8srwwjk,Clickbait
sESRuTyfsEk,Clickbait
0uocETPj4Jx4,Clickbait
